[
  {
    "id": "23bc607d-e31c-4899-8de3-a59fad713cba",
    "data": [
      {
        "text": "☺",
        "userDefined": false
      }
    ],
    "isTemplate": false,
    "count": 0
  },
  {
    "id": "5eb8e639-8230-48d1-86da-60236873aa2a",
    "data": [
      {
        "text": "🙂",
        "userDefined": false
      }
    ],
    "isTemplate": false,
    "count": 0
  },
  {
    "id": "a0d3a52c-a636-4fc8-b458-cefa4f0cc756",
    "data": [
      {
        "text": "😀",
        "userDefined": false
      }
    ],
    "isTemplate": false,
    "count": 0
  },
  {
    "id": "ab09ee4d-7cab-466a-af38-4499e172316f",
    "data": [
      {
        "text": "😊",
        "userDefined": false
      }
    ],
    "isTemplate": false,
    "count": 0
  },
  {
    "id": "f4ba64bf-d938-466f-a607-e0491bd4ecd3",
    "data": [
      {
        "text": "🥰",
        "userDefined": false
      }
    ],
    "isTemplate": false,
    "count": 0
  },
  {
    "id": "5c5edd6f-173c-47de-8d0c-31bd5a9c9a21",
    "data": [
      {
        "text": "😃",
        "userDefined": false
      }
    ],
    "isTemplate": false,
    "count": 0
  },
  {
    "id": "7de2e973-6ed4-4809-8c3b-445754175326",
    "data": [
      {
        "text": "😉",
        "userDefined": false
      }
    ],
    "isTemplate": false,
    "count": 0
  },
  {
    "id": "0f2976dc-b8ee-4bfd-85d3-c6166a9a80b3",
    "data": [
      {
        "text": "❤️",
        "userDefined": false
      }
    ],
    "isTemplate": false,
    "count": 0
  },
  {
    "id": "3f339c94-51b3-4d96-9d49-534ba063d5a3",
    "data": [
      {
        "text": "good",
        "userDefined": false
      }
    ],
    "isTemplate": false,
    "count": 0
  },
  {
    "id": "3b497128-e76f-4af9-9840-80043c142b02",
    "data": [
      {
        "text": "ohh",
        "userDefined": false
      }
    ],
    "isTemplate": false,
    "count": 0
  }
]