[
  {
    "id": "b1da6406-f595-467a-8256-e3807006b58f",
    "data": [
      {
        "text": "hello",
        "userDefined": false
      }
    ],
    "isTemplate": false,
    "count": 0,
    "updated": 1534301454
  },
  {
    "id": "e0eb7511-e783-4832-8174-0639d8225e5e",
    "data": [
      {
        "text": "hello there",
        "userDefined": false
      }
    ],
    "isTemplate": false,
    "count": 0,
    "updated": 1534301454
  },
  {
    "id": "ae3c30f6-582d-4851-842e-918d64f5d588",
    "data": [
      {
        "text": "hi",
        "userDefined": false
      }
    ],
    "isTemplate": false,
    "count": 0,
    "updated": 1534301454
  },
  {
    "id": "fa2bb600-e8d1-47f1-9add-8da5400af98c",
    "data": [
      {
        "text": "greetings",
        "userDefined": false
      }
    ],
    "isTemplate": false,
    "count": 0,
    "updated": 1534301454
  },
  {
    "id": "932ab672-08d1-469e-93a1-f8210bc6ea06",
    "data": [
      {
        "text": "Hiiiiii",
        "userDefined": false
      }
    ],
    "isTemplate": false,
    "count": 1,
    "updated": 0
  },
  {
    "id": "6b9510ef-a8f9-41df-ba71-ffe506d0b953",
    "data": [
      {
        "text": "hey there",
        "userDefined": false
      }
    ],
    "isTemplate": false,
    "count": 0,
    "updated": 1534301454
  },
  {
    "id": "1423efed-abd1-4ac1-9865-2ee4c7ac6b4d",
    "data": [
      {
        "text": "hello again",
        "userDefined": false
      }
    ],
    "isTemplate": false,
    "count": 0,
    "updated": 1534301454
  },
  {
    "id": "9c21b997-5943-4374-836b-f1ae689719ef",
    "data": [
      {
        "text": "hey",
        "userDefined": false
      }
    ],
    "isTemplate": false,
    "count": 0,
    "updated": 1534301454
  },
  {
    "id": "158ccb5d-4f61-44b9-803f-63898ce93510",
    "data": [
      {
        "text": "hi there",
        "userDefined": false
      }
    ],
    "isTemplate": false,
    "count": 1,
    "updated": 1534301454
  },
  {
    "id": "bbe25ccc-44a2-48c2-b0c9-66eaea064945",
    "data": [
      {
        "text": "howdy",
        "userDefined": false
      }
    ],
    "isTemplate": false,
    "count": 0,
    "updated": 1534301454
  },
  {
    "id": "6efd035e-ed6f-4e4e-a1d6-13f57c6bcfe7",
    "data": [
      {
        "text": "heya",
        "userDefined": false
      }
    ],
    "isTemplate": false,
    "count": 0,
    "updated": 1534301454
  }
]