[
  {
    "id": "700f98d8-2577-4187-bc9b-1603218500c8",
    "data": [
      {
        "text": "e you",
        "userDefined": false
      }
    ],
    "isTemplate": false,
    "count": 0,
    "updated": 0
  },
  {
    "id": "01a91b65-031d-47ed-8f24-207cb37c1641",
    "data": [
      {
        "text": "👋🏻",
        "userDefined": false
      }
    ],
    "isTemplate": false,
    "count": 1,
    "updated": 0
  },
  {
    "id": "f3d169a6-adc4-470f-b04e-f7491eab721f",
    "data": [
      {
        "text": "Rating",
        "userDefined": false
      }
    ],
    "isTemplate": false,
    "count": 0,
    "updated": 0
  },
  {
    "id": "ff71b885-abba-415c-94e1-5167ebf79b75",
    "data": [
      {
        "text": "👏🏻",
        "userDefined": false
      }
    ],
    "isTemplate": false,
    "count": 1,
    "updated": 0
  },
  {
    "id": "3cd0ba5a-0cc2-4ade-b1dd-b23b30c16385",
    "data": [
      {
        "text": "ooooooooooooooo",
        "userDefined": false
      }
    ],
    "isTemplate": false,
    "count": 1,
    "updated": 0
  },
  {
    "id": "c2b35ccc-1742-4073-8350-507054682666",
    "data": [
      {
        "text": "dsadasd",
        "userDefined": false
      }
    ],
    "isTemplate": false,
    "count": 1,
    "updated": 0
  },
  {
    "id": "5c720640-b2dc-407a-b8d9-aeed4933eb11",
    "data": [
      {
        "text": "damn",
        "userDefined": false
      }
    ],
    "isTemplate": false,
    "count": 1,
    "updated": 0
  },
  {
    "id": "80d7b264-e0ee-4eef-b0ad-85050151fc76",
    "data": [
      {
        "text": "Nothing",
        "userDefined": false
      }
    ],
    "isTemplate": false,
    "count": 0,
    "updated": 0
  },
  {
    "id": "268106df-60de-4fb6-b359-2c6344038595",
    "data": [
      {
        "text": "Got em",
        "userDefined": false
      }
    ],
    "isTemplate": false,
    "count": 0,
    "updated": 0
  },
  {
    "id": "85c0a0a8-ee92-4b8f-9811-79cbec4b35b7",
    "data": [
      {
        "text": "Cannot understand what yoy are saying",
        "userDefined": false
      }
    ],
    "isTemplate": false,
    "count": 0,
    "updated": 0
  },
  {
    "id": "d77a9163-e434-4885-9117-9bd114b420b2",
    "data": [
      {
        "text": "who is oliver?",
        "userDefined": false
      }
    ],
    "isTemplate": false,
    "count": 0,
    "updated": 0
  },
  {
    "id": "ed3fdbfb-6d58-45f4-9238-6e0904120811",
    "data": [
      {
        "text": "what is oliver?",
        "userDefined": false
      }
    ],
    "isTemplate": false,
    "count": 0,
    "updated": 0
  }
]