[
  {
    "id": "57818e38-0871-42a9-843a-5b38ce4988a8",
    "data": [
      {
        "text": "Interview process",
        "userDefined": false
      }
    ],
    "isTemplate": false,
    "count": 0,
    "updated": 0
  },
  {
    "id": "0a6bad54-aeec-4d87-81ea-d10ac2ea1412",
    "data": [
      {
        "text": "how can I prepare for the assessmnet centre?",
        "userDefined": false
      }
    ],
    "isTemplate": false,
    "count": 1,
    "updated": 0
  },
  {
    "id": "33ebc1c0-420d-4b71-bf67-0491c6de449a",
    "data": [
      {
        "text": "How to apply?",
        "userDefined": false
      }
    ],
    "isTemplate": false,
    "count": 0,
    "updated": 1540801059
  },
  {
    "id": "09784d54-0f77-4d4e-bc0a-580961ae6564",
    "data": [
      {
        "text": "How long is the interview",
        "userDefined": false
      }
    ],
    "isTemplate": false,
    "count": 1,
    "updated": 0
  },
  {
    "id": "7489e643-75ec-4880-8d1e-e21d83f6a5b8",
    "data": [
      {
        "text": "How should I apply?",
        "userDefined": false
      }
    ],
    "isTemplate": false,
    "count": 0,
    "updated": 1550477461
  },
  {
    "id": "e713d4d6-88a8-47ee-bd55-799bafcedc78",
    "data": [
      {
        "text": "how to prepare?",
        "userDefined": false
      }
    ],
    "isTemplate": false,
    "count": 0
  },
  {
    "id": "0481e070-de78-415a-9b51-4c0aa2488519",
    "data": [
      {
        "text": "application procedure",
        "userDefined": false
      }
    ],
    "isTemplate": false,
    "count": 0,
    "updated": 1540801227
  },
  {
    "id": "32783bac-6206-420c-a8c5-cd6420f540ba",
    "data": [
      {
        "text": "What is the application procedure?",
        "userDefined": false
      }
    ],
    "isTemplate": false,
    "count": 0,
    "updated": 1550477461
  },
  {
    "id": "32c16497-75f4-40e1-901e-c399c629491f",
    "data": [
      {
        "text": "application process",
        "userDefined": false
      }
    ],
    "isTemplate": false,
    "count": 0,
    "updated": 1540801059
  },
  {
    "id": "c6b7da3e-1e2f-42fe-a7c8-7ec9e0d896e9",
    "data": [
      {
        "text": "how to do preparation?",
        "userDefined": false
      }
    ],
    "isTemplate": false,
    "count": 0
  },
  {
    "id": "a020d545-8734-437b-8fb4-da7362ae52ff",
    "data": [
      {
        "text": "how can I prepare for the assessment centre?",
        "userDefined": false
      }
    ],
    "isTemplate": false,
    "count": 1,
    "updated": 0
  },
  {
    "id": "d4305487-90b6-478d-8cc0-fadd269b1019",
    "data": [
      {
        "text": "How long is the online test",
        "userDefined": false
      }
    ],
    "isTemplate": false,
    "count": 1,
    "updated": 0
  },
  {
    "id": "adba8e73-937e-4259-a9c8-891ef5e7f2d2",
    "data": [
      {
        "text": "app process",
        "userDefined": false
      }
    ],
    "isTemplate": false,
    "count": 0
  },
  {
    "id": "9380a5cc-4e05-4ed6-8092-23d9a87c941a",
    "data": [
      {
        "text": "how do I apply?",
        "userDefined": false
      }
    ],
    "isTemplate": false,
    "count": 0,
    "updated": 1540801059
  }
]