[
  {
    "id": "414deac1-e7ec-4850-8cf4-52a1b8573e9c",
    "data": [
      {
        "text": "are you a rare talent",
        "userDefined": false
      }
    ],
    "isTemplate": false,
    "count": 0,
    "updated": 0
  },
  {
    "id": "0672b0db-b8b1-4393-bd2f-0013910fcb79",
    "data": [
      {
        "text": "Jets",
        "alias": "jets",
        "meta": "@jets",
        "userDefined": false
      },
      {
        "text": " application",
        "userDefined": false
      }
    ],
    "isTemplate": false,
    "count": 0,
    "updated": 0
  },
  {
    "id": "a8700d0b-5ab2-4686-9156-96112713b0fb",
    "data": [
      {
        "text": "JETS",
        "alias": "jets",
        "meta": "@jets",
        "userDefined": false
      }
    ],
    "isTemplate": false,
    "count": 1,
    "updated": 1551168265
  },
  {
    "id": "efdcb50f-24ef-4958-992e-e3d45055c188",
    "data": [
      {
        "text": "Tell me more ",
        "userDefined": false
      },
      {
        "text": "about",
        "meta": "@sys.ignore",
        "userDefined": false
      },
      {
        "text": " the ",
        "userDefined": false
      },
      {
        "text": "trainee scheme",
        "alias": "jets",
        "meta": "@jets",
        "userDefined": false
      }
    ],
    "isTemplate": false,
    "count": 0,
    "updated": 1539655742
  },
  {
    "id": "7d7ae136-68ab-4a29-bc43-7361fc214bc2",
    "data": [
      {
        "text": "Jardines Executive Trainee Scheme",
        "alias": "jets",
        "meta": "@jets",
        "userDefined": false
      }
    ],
    "isTemplate": false,
    "count": 0,
    "updated": 1539655742
  },
  {
    "id": "eceb7686-dc22-4aca-b9c4-5bf24b57149e",
    "data": [
      {
        "text": "Which countries is ",
        "userDefined": false
      },
      {
        "text": "JETS available in",
        "alias": "jets",
        "meta": "@jets",
        "userDefined": true
      },
      {
        "text": "?",
        "userDefined": false
      }
    ],
    "isTemplate": false,
    "count": 0,
    "updated": 1550541382
  },
  {
    "id": "b3615452-4aec-4c96-99e4-bbef1605077e",
    "data": [
      {
        "text": "JM",
        "alias": "jardines",
        "meta": "@jardines",
        "userDefined": false
      },
      {
        "text": " ",
        "userDefined": false
      },
      {
        "text": "trainee programme",
        "alias": "jets",
        "meta": "@jets",
        "userDefined": true
      }
    ],
    "isTemplate": false,
    "count": 0
  },
  {
    "id": "b3a51ecb-29db-4d81-9c88-c24f57d687ec",
    "data": [
      {
        "text": "Give me information ",
        "userDefined": false
      },
      {
        "text": "about",
        "meta": "@sys.ignore",
        "userDefined": false
      },
      {
        "text": " ",
        "userDefined": false
      },
      {
        "text": "JETS",
        "alias": "jets",
        "meta": "@jets",
        "userDefined": false
      }
    ],
    "isTemplate": false,
    "count": 0,
    "updated": 1539655742
  },
  {
    "id": "b2d47aa3-47be-43bd-8f79-faf3ff8e4096",
    "data": [
      {
        "text": "I wish to know more regarding ",
        "userDefined": false
      },
      {
        "text": "JETS",
        "alias": "jets",
        "meta": "@jets",
        "userDefined": false
      }
    ],
    "isTemplate": false,
    "count": 0,
    "updated": 1539655742
  },
  {
    "id": "a6ab00ee-cb5d-4051-879b-4c940a8be950",
    "data": [
      {
        "text": "I want to know more ",
        "userDefined": false
      },
      {
        "text": "about",
        "meta": "@sys.ignore",
        "userDefined": false
      },
      {
        "text": " ",
        "userDefined": false
      },
      {
        "text": "Jardine Executive Trainee Scheme",
        "alias": "jets",
        "meta": "@jets",
        "userDefined": false
      }
    ],
    "isTemplate": false,
    "count": 0,
    "updated": 1539655742
  },
  {
    "id": "8b8f32d8-d5db-4d86-949b-ef92f3d4d7e5",
    "data": [
      {
        "text": "What is ",
        "userDefined": false
      },
      {
        "text": "JETS",
        "alias": "jets",
        "meta": "@jets",
        "userDefined": false
      },
      {
        "text": "?",
        "userDefined": false
      }
    ],
    "isTemplate": false,
    "count": 0,
    "updated": 1539655742
  }
]