[
  {
    "id": "9cae7fe9-52b7-4e7a-b221-21cba6ff4659",
    "data": [
      {
        "text": "Start Application",
        "alias": "applyNow",
        "meta": "@applyNow",
        "userDefined": true
      }
    ],
    "isTemplate": false,
    "count": 0,
    "updated": 1539593379
  },
  {
    "id": "46fe2616-c838-44bd-9033-63785f149e40",
    "data": [
      {
        "text": "I want to apply for JETS",
        "alias": "applyNow",
        "meta": "@applyNow",
        "userDefined": true
      }
    ],
    "isTemplate": false,
    "count": 0,
    "updated": 1539591616
  },
  {
    "id": "f786d3f3-1b03-49ea-98b7-70b1ebcc22c5",
    "data": [
      {
        "text": "Take me to the application",
        "alias": "applyNow",
        "meta": "@applyNow",
        "userDefined": true
      }
    ],
    "isTemplate": false,
    "count": 0,
    "updated": 1539591616
  },
  {
    "id": "c3af8dd9-ba3f-40b4-8bce-42ea0eaeff6a",
    "data": [
      {
        "text": "Begin application",
        "alias": "applyNow",
        "meta": "@applyNow",
        "userDefined": true
      }
    ],
    "isTemplate": false,
    "count": 0,
    "updated": 1539593379
  },
  {
    "id": "d1ce15bc-16d1-4fda-89a4-f580bb16f827",
    "data": [
      {
        "text": "i want to apply",
        "alias": "applyNow",
        "meta": "@applyNow",
        "userDefined": true
      }
    ],
    "isTemplate": false,
    "count": 0
  },
  {
    "id": "5c87da3c-9c4a-4ece-9f08-b0c21b988692",
    "data": [
      {
        "text": "I want to apply to JETS",
        "alias": "applyNow",
        "meta": "@applyNow",
        "userDefined": true
      }
    ],
    "isTemplate": false,
    "count": 0,
    "updated": 1539591616
  },
  {
    "id": "c8526ae3-4c56-4bad-bae4-0ffc3ef72450",
    "data": [
      {
        "text": "Application form",
        "alias": "applyNow",
        "meta": "@applyNow",
        "userDefined": true
      }
    ],
    "isTemplate": false,
    "count": 0,
    "updated": 1539591616
  },
  {
    "id": "2f7bf5f6-53f1-4908-a0ce-553984d50c5b",
    "data": [
      {
        "text": "I want to ",
        "userDefined": false
      },
      {
        "text": "apply now",
        "alias": "applyNow",
        "meta": "@applyNow",
        "userDefined": false
      }
    ],
    "isTemplate": false,
    "count": 0,
    "updated": 1539591616
  }
]