[
  {
    "id": "a39cd09c-1c4c-4111-80ba-3d52d84269fd",
    "data": [
      {
        "text": "About",
        "meta": "@sys.ignore",
        "userDefined": false
      },
      {
        "text": " Jardines",
        "userDefined": false
      }
    ],
    "isTemplate": false,
    "count": 0,
    "updated": 1539661800
  },
  {
    "id": "38fe86a7-1c17-40a5-a47d-f5ae6583910f",
    "data": [
      {
        "text": "what does Jardines do?",
        "userDefined": false
      }
    ],
    "isTemplate": false,
    "count": 0,
    "updated": 0
  },
  {
    "id": "d994aad1-4075-4e4a-b355-d4e046c3d7f0",
    "data": [
      {
        "text": "About Us",
        "meta": "@sys.ignore",
        "userDefined": true
      }
    ],
    "isTemplate": false,
    "count": 0,
    "updated": 1539661800
  },
  {
    "id": "094283e1-d0d0-40c2-a3b0-def3f0d51b69",
    "data": [
      {
        "text": "Jardine business units",
        "userDefined": false
      }
    ],
    "isTemplate": false,
    "count": 0,
    "updated": 0
  },
  {
    "id": "a39cd09c-1c4c-4111-80ba-3d52d84269fd",
    "data": [
      {
        "text": "About Jardines",
        "meta": "@sys.ignore",
        "userDefined": true
      }
    ],
    "isTemplate": false,
    "count": 0,
    "updated": 1539661800
  },
  {
    "id": "467aad2e-ae8a-4ff2-8414-188e5d7af632",
    "data": [
      {
        "text": "About Company",
        "meta": "@sys.ignore",
        "userDefined": true
      }
    ],
    "isTemplate": false,
    "count": 0,
    "updated": 1539674773
  },
  {
    "id": "9a27caad-1d71-4262-88e8-9e84dddfa3da",
    "data": [
      {
        "text": "Jardines history",
        "meta": "@sys.ignore",
        "userDefined": true
      }
    ],
    "isTemplate": false,
    "count": 0,
    "updated": 1539660047
  }
]