[
  {
    "id": "7a4cde84-738b-4931-ab67-1d545763b1ea",
    "data": [
      {
        "text": "Company history",
        "userDefined": false
      }
    ],
    "isTemplate": false,
    "count": 0,
    "updated": 1550478826
  },
  {
    "id": "5d682524-7710-4a51-bb0a-021efd794a47",
    "data": [
      {
        "text": "Company background",
        "userDefined": false
      }
    ],
    "isTemplate": false,
    "count": 0,
    "updated": 1550478826
  },
  {
    "id": "c43d7301-8308-41c2-a542-f24b6b4d5624",
    "data": [
      {
        "text": "Jardines History",
        "userDefined": false
      }
    ],
    "isTemplate": false,
    "count": 0,
    "updated": 1539678604
  },
  {
    "id": "2a819765-0e9f-4dcf-bf27-2ac5c0d18e6e",
    "data": [
      {
        "text": "History of Jardines",
        "userDefined": false
      }
    ],
    "isTemplate": false,
    "count": 0,
    "updated": 1550478826
  },
  {
    "id": "72c5198a-b3b2-4732-83af-d310aade7629",
    "data": [
      {
        "text": "History",
        "userDefined": false
      }
    ],
    "isTemplate": false,
    "count": 0,
    "updated": 1539674947
  }
]