[
  {
    "id": "31a78e60-cd14-410a-8adf-274df08b1d8d",
    "data": [
      {
        "text": "M",
        "userDefined": false
      }
    ],
    "isTemplate": false,
    "count": 0
  },
  {
    "id": "7bcb38e4-e772-4456-ae8c-27bcca6692c4",
    "data": [
      {
        "text": "menu",
        "userDefined": false
      }
    ],
    "isTemplate": false,
    "count": 0
  },
  {
    "id": "31a2eba5-9eb3-44f5-96ba-6620bec3da0d",
    "data": [
      {
        "text": "options menu",
        "userDefined": false
      }
    ],
    "isTemplate": false,
    "count": 0
  },
  {
    "id": "b3d7bdf9-083f-4881-aef4-c2761d135d77",
    "data": [
      {
        "text": "what all do you have?",
        "userDefined": false
      }
    ],
    "isTemplate": false,
    "count": 0
  }
]