[
  {
    "id": "5c3b494c-4e58-4278-aabc-6a132893fb0b",
    "data": [
      {
        "text": "are the applications processed on a rolling basis?",
        "userDefined": false
      }
    ],
    "isTemplate": false,
    "count": 0
  },
  {
    "id": "0514a0e3-acfc-4a0b-abf5-215e61c86ab9",
    "data": [
      {
        "text": "Do you recruit for the graduate trainees on a rolling basis?",
        "userDefined": false
      }
    ],
    "isTemplate": false,
    "count": 0,
    "updated": 0
  },
  {
    "id": "295e4754-1658-4960-a51f-dc97f1f682c0",
    "data": [
      {
        "text": "rolling basis only?",
        "userDefined": false
      }
    ],
    "isTemplate": false,
    "count": 0
  },
  {
    "id": "a6b9ad86-3a7f-4eef-bca8-04693ae6d911",
    "data": [
      {
        "text": "how are the applications processed?",
        "userDefined": false
      }
    ],
    "isTemplate": false,
    "count": 0
  },
  {
    "id": "192cb3f1-d504-4655-b648-af97e3de2f09",
    "data": [
      {
        "text": "when do you begin the screening process?",
        "userDefined": false
      }
    ],
    "isTemplate": false,
    "count": 0
  },
  {
    "id": "794a7e97-e028-4244-ab03-8e4a922aa718",
    "data": [
      {
        "text": "when do you begin recruitment process?",
        "userDefined": false
      }
    ],
    "isTemplate": false,
    "count": 0
  }
]