[
  {
    "id": "27b40bea-a007-49a6-acc0-923ac0da71ed",
    "data": [
      {
        "text": "Astra",
        "userDefined": false
      }
    ],
    "isTemplate": false,
    "count": 0
  },
  {
    "id": "a41f43c0-ff61-4035-bec1-fab4d94a8823",
    "data": [
      {
        "text": "Can you tell me ",
        "userDefined": false
      },
      {
        "text": "something related",
        "meta": "@sys.ignore",
        "userDefined": false
      },
      {
        "text": " to Astra?",
        "userDefined": false
      }
    ],
    "isTemplate": false,
    "count": 0
  },
  {
    "id": "cf4eddfd-cecc-43aa-9100-537f17c872e0",
    "data": [
      {
        "text": "Astra International",
        "userDefined": false
      }
    ],
    "isTemplate": false,
    "count": 0
  }
]