[
  {
    "id": "14355ff4-0be2-4426-a4cf-4dc47e33d4ed",
    "data": [
      {
        "text": "Dairy Farm",
        "userDefined": false
      }
    ],
    "isTemplate": false,
    "count": 0
  },
  {
    "id": "c3d25d3b-e8f5-4916-bca0-ac1cd2044229",
    "data": [
      {
        "text": "Jardines\u0027 Retail Business",
        "userDefined": false
      }
    ],
    "isTemplate": false,
    "count": 0,
    "updated": 0
  },
  {
    "id": "6d9b7071-398e-4b32-ab6f-c5a657bc44ab",
    "data": [
      {
        "text": "What does Dairy Farm do?",
        "userDefined": false
      }
    ],
    "isTemplate": false,
    "count": 0
  }
]