[
  {
    "id": "470bb348-327f-452b-b662-cf41a1a45e83",
    "data": [
      {
        "text": "property management and development",
        "userDefined": false
      }
    ],
    "isTemplate": false,
    "count": 0
  },
  {
    "id": "1caea511-b336-41de-a415-ad9af737c1a8",
    "data": [
      {
        "text": "Hong Kong Land",
        "userDefined": false
      }
    ],
    "isTemplate": false,
    "count": 0,
    "updated": 0
  },
  {
    "id": "47f09f75-cf14-426e-85bb-d0c33174b88e",
    "data": [
      {
        "text": "HK Land",
        "userDefined": false
      }
    ],
    "isTemplate": false,
    "count": 0
  },
  {
    "id": "23b35ba9-82d9-4eb0-bc4a-6bae3e99cfbd",
    "data": [
      {
        "text": "property investment",
        "userDefined": false
      }
    ],
    "isTemplate": false,
    "count": 0
  },
  {
    "id": "92676593-83b0-4fd7-ab78-517b342e7a11",
    "data": [
      {
        "text": "real estate business",
        "userDefined": false
      }
    ],
    "isTemplate": false,
    "count": 0
  },
  {
    "id": "15573c88-34b7-4146-8454-f60eff8c3a3a",
    "data": [
      {
        "text": "hongkong land",
        "userDefined": false
      }
    ],
    "isTemplate": false,
    "count": 0
  },
  {
    "id": "45270f83-d686-4432-9e42-49962ab4cc36",
    "data": [
      {
        "text": "jardine house headquarters",
        "userDefined": false
      }
    ],
    "isTemplate": false,
    "count": 0
  }
]