[
  {
    "id": "b06994b9-266a-4914-aec9-96caf067d04e",
    "data": [
      {
        "text": "how many people do you recruit in one year?",
        "userDefined": false
      }
    ],
    "isTemplate": false,
    "count": 0
  },
  {
    "id": "091fd4ee-4765-4692-af78-edcb52033284",
    "data": [
      {
        "text": "what is the intake quota?",
        "userDefined": false
      }
    ],
    "isTemplate": false,
    "count": 0
  },
  {
    "id": "8e91eb25-37b7-40a9-ab7f-55b188282f99",
    "data": [
      {
        "text": "How many graduate trainees will Jardines take on each year?",
        "userDefined": false
      }
    ],
    "isTemplate": false,
    "count": 0,
    "updated": 0
  },
  {
    "id": "cd68c7c6-bf00-412e-a12b-271f1eadfdbe",
    "data": [
      {
        "text": "what is the yearly ",
        "userDefined": false
      },
      {
        "text": "intake",
        "meta": "@sys.ignore",
        "userDefined": true
      },
      {
        "text": "?",
        "userDefined": false
      }
    ],
    "isTemplate": false,
    "count": 0
  },
  {
    "id": "5a80764c-b1da-4b41-aa6f-6bf8783340d0",
    "data": [
      {
        "text": "what is the ",
        "userDefined": false
      },
      {
        "text": "JETS",
        "alias": "jets",
        "meta": "@jets",
        "userDefined": false
      },
      {
        "text": " recruitment rate?",
        "userDefined": false
      }
    ],
    "isTemplate": false,
    "count": 0
  },
  {
    "id": "eb832d79-97ab-43a9-819f-a26dc70a23e0",
    "data": [
      {
        "text": "how many candidates do you accept?",
        "userDefined": false
      }
    ],
    "isTemplate": false,
    "count": 0
  }
]