[
  {
    "id": "8769d7b6-8da8-4b68-8596-d82a8e86741e",
    "data": [
      {
        "text": "Can you tell more ",
        "userDefined": false
      },
      {
        "text": "about",
        "meta": "@sys.ignore",
        "userDefined": false
      },
      {
        "text": " the ",
        "userDefined": false
      },
      {
        "text": "JM",
        "alias": "jardines",
        "meta": "@jardines",
        "userDefined": false
      },
      {
        "text": " Motors business?",
        "userDefined": false
      }
    ],
    "isTemplate": false,
    "count": 0
  },
  {
    "id": "5c647919-516e-4419-ab70-86c08eaa6f1d",
    "data": [
      {
        "text": "does ",
        "userDefined": false
      },
      {
        "text": "Jardines",
        "alias": "jardines",
        "meta": "@jardines",
        "userDefined": false
      },
      {
        "text": " sell vehicles?",
        "userDefined": false
      }
    ],
    "isTemplate": false,
    "count": 0
  },
  {
    "id": "cbfbc804-9174-47be-834c-0988ee18d3ec",
    "data": [
      {
        "text": "Motor business",
        "userDefined": false
      }
    ],
    "isTemplate": false,
    "count": 0
  },
  {
    "id": "12d5ff72-aeb1-4770-b779-4844ad7775b4",
    "data": [
      {
        "text": "car sales business",
        "userDefined": false
      }
    ],
    "isTemplate": false,
    "count": 0
  },
  {
    "id": "3f8e878d-c7d4-49e1-865e-3ed5df187f10",
    "data": [
      {
        "text": "Jardine",
        "alias": "jardines",
        "meta": "@jardines",
        "userDefined": false
      },
      {
        "text": " motors",
        "userDefined": false
      }
    ],
    "isTemplate": false,
    "count": 0
  },
  {
    "id": "353ec1a0-058a-477d-9879-26c754c6f019",
    "data": [
      {
        "text": "automobile business",
        "userDefined": false
      }
    ],
    "isTemplate": false,
    "count": 0
  }
]