[
  {
    "id": "d3b8185c-5b01-43c6-a903-287495a6da5b",
    "data": [
      {
        "text": "jp",
        "userDefined": false
      }
    ],
    "isTemplate": false,
    "count": 0
  },
  {
    "id": "fdf63df5-a8a2-447c-9d29-a853c3285687",
    "data": [
      {
        "text": "jardine",
        "alias": "jardines",
        "meta": "@jardines",
        "userDefined": true
      },
      {
        "text": " ",
        "userDefined": false
      },
      {
        "text": "pacific",
        "meta": "@sys.ignore",
        "userDefined": false
      }
    ],
    "isTemplate": false,
    "count": 0
  }
]