[
  {
    "id": "eedb7697-0e7e-4a75-b5fe-b6049fac1ebd",
    "data": [
      {
        "text": "jardine",
        "alias": "jardines",
        "meta": "@jardines",
        "userDefined": false
      },
      {
        "text": " carriage",
        "userDefined": false
      }
    ],
    "isTemplate": false,
    "count": 0
  },
  {
    "id": "90e75e00-99cf-49cb-a93a-669a29db0e1a",
    "data": [
      {
        "text": "jardine",
        "alias": "jardines",
        "meta": "@jardines",
        "userDefined": false
      },
      {
        "text": " cycle",
        "userDefined": false
      }
    ],
    "isTemplate": false,
    "count": 0
  },
  {
    "id": "016069ee-df8f-4ff2-9202-2cbbe43576a6",
    "data": [
      {
        "text": "jardine",
        "alias": "jardines",
        "meta": "@jardines",
        "userDefined": false
      },
      {
        "text": " cycle and carriage",
        "userDefined": false
      }
    ],
    "isTemplate": false,
    "count": 0
  },
  {
    "id": "87b1fb45-dd8a-4937-8ff8-cecdb0ca2eb9",
    "data": [
      {
        "text": "jcc",
        "userDefined": false
      }
    ],
    "isTemplate": false,
    "count": 0
  }
]