[
  {
    "id": "83c568a5-d0e2-4174-9aaf-c922a2f43269",
    "data": [
      {
        "text": "what level of qualification is needed?",
        "userDefined": false
      }
    ],
    "isTemplate": false,
    "count": 0
  },
  {
    "id": "869c4e93-5528-46ce-a03e-88db69f80161",
    "data": [
      {
        "text": "Do you hire graduate trainees with some work experience?",
        "userDefined": false
      }
    ],
    "isTemplate": false,
    "count": 0,
    "updated": 0
  },
  {
    "id": "8eeb63fc-4393-4b98-a57e-38f19b50a39c",
    "data": [
      {
        "text": "what age group can apply?",
        "userDefined": false
      }
    ],
    "isTemplate": false,
    "count": 0
  },
  {
    "id": "1995e2c1-041b-410e-a1e3-a8ff45210d94",
    "data": [
      {
        "text": "work experience requirements?",
        "userDefined": false
      }
    ],
    "isTemplate": false,
    "count": 0
  },
  {
    "id": "c4e0a280-9af5-4e51-a641-0c8f1e0a7e02",
    "data": [
      {
        "text": "age limit?",
        "userDefined": false
      }
    ],
    "isTemplate": false,
    "count": 0
  },
  {
    "id": "79febddf-354a-44b9-929c-f7b5bbaaf2d3",
    "data": [
      {
        "text": "do I need prior experience to apply for ",
        "userDefined": false
      },
      {
        "text": "JETS",
        "alias": "jets",
        "meta": "@jets",
        "userDefined": false
      },
      {
        "text": "?",
        "userDefined": false
      }
    ],
    "isTemplate": false,
    "count": 0
  },
  {
    "id": "32c5b9c2-b3b1-45ff-b2d6-90b3986096d7",
    "data": [
      {
        "text": "is work exp required for ",
        "userDefined": false
      },
      {
        "text": "jets scheme?",
        "alias": "jets",
        "meta": "@jets",
        "userDefined": false
      }
    ],
    "isTemplate": false,
    "count": 0
  }
]