[
  {
    "value": "Start Application",
    "synonyms": [
      "Start Application"
    ]
  },
  {
    "value": "I want to apply for JETS",
    "synonyms": [
      "I want to apply for JETS"
    ]
  },
  {
    "value": "apply now",
    "synonyms": [
      "apply now"
    ]
  },
  {
    "value": "Application form",
    "synonyms": [
      "Application form"
    ]
  },
  {
    "value": "Take me to the application",
    "synonyms": [
      "Take me to the application"
    ]
  },
  {
    "value": "I want to apply to JETS",
    "synonyms": [
      "I want to apply to JETS"
    ]
  },
  {
    "value": "Begin application",
    "synonyms": [
      "Begin application"
    ]
  }
]