[
  {
    "value": "penis",
    "synonyms": [
      "penis",
      "dick",
      "dick",
      "d**k"
    ]
  },
  {
    "value": "shit",
    "synonyms": [
      "shit",
      "shithole"
    ]
  },
  {
    "value": "asshole",
    "synonyms": [
      "asshole",
      "stfu"
    ]
  },
  {
    "value": "fuck",
    "synonyms": [
      "fuck",
      "fcuk",
      "cunt",
      "bitch",
      "fuck off",
      "fuck u",
      "f u"
    ]
  },
  {
    "value": "pussy",
    "synonyms": [
      "pussy",
      "vagina"
    ]
  }
]